{
    "preRetirementHeaderTxtXpath":"//*[@id='calculator-intro-section']",
    "AgeHeaderXpath":"//h3[text()='Age']",
    "annualIncomeHeaderXpath":"//h3[text()='Income/Savings']",
    "currentAgeXpath":"//input[@id='current-age']",
    "retirementAgeXpath":"//input[@id='retirement-age']",
    "currentAnnualIncomeXpath":"//input[@id='current-income']",
    "spouseAnnualIncomeXpath":"//input[@id='spouse-income']",
    "currentRetirementSavingsXpath":"//input[@id='current-total-savings']",
    "currentlySavingYearXpath":"//input[@id='current-annual-savings']",
    "rateIncreaseEachYearXpath":"//input[@id='savings-increase-rate']",
    "SSINoXpath":"//label[@for='no-social-benefits']",
    "calculateBtnXpath":"//button[contains(@class,'btn-block')][text()='Calculate']",
    "preRetirementHeaderXpath":"//*[@id='calculator-intro-section']/h2",
    "resultsXpath":"//*[@id='result-message']",


    "Data":{
        "AgeTxt":"Age",
        "CurrentAge":"40",
        "RetirementAge":"68",
        "AnnualIncomeHeaderTxt":"Income/Savings",
        "CurrentAnnualIncome":"100000",
        "SpouseAnnualIncome":"75000",
        "CurrentRetirementSavings":"500000",
        "CurrentRetirementContribution":"10",
        "AnnualRetirementContributionIncrease":"5",
        "PreRetirementCalculatorTxt":"Pre-retirement calculator",
        "ResultsTxt":"Congratulations! You are exceeding your retirement goals. You are saving an extra $193 a month."

    }
    
}